cluster,names,scores,logfoldchanges,pvals,pvals_adj
0,MALAT1,5.153131,1.5759336,2.5617312272526777e-07,0.0022946740820894334
0,CD3G,4.462706,1.6777592,8.09310813062046e-06,0.03036426812569689
0,RPL3,4.440434,1.3866727,8.9777563077998e-06,0.03036426812569689
0,RPS12,4.3095875,1.3733772,1.6355931732838352e-05,0.03851405248206861
0,RPS21,4.274788,1.500119,1.913193515397444e-05,0.03851405248206861
0,CD3E,4.274788,1.547138,1.913193515397444e-05,0.03851405248206861
0,RPS3,4.26226,1.5733727,2.023697787965483e-05,0.03851405248206861
0,JUN,4.2553,1.4047192,2.0876882535985546e-05,0.03851405248206861
0,IL32,4.230244,1.7313912,2.3343760948222775e-05,0.03947624507685707
0,RPL30,4.1898766,1.3995662,2.7910599927783238e-05,0.039656232970324695
0,RPS2,4.178741,1.2907703,2.931274304217565e-05,0.039656232970324695
0,ARGLU1,4.1453333,1.4921863,3.3931989976547005e-05,0.04303636703712927
0,RPL19,4.0924377,1.4082344,4.26861826040491e-05,0.04909523737355485
0,RPL14,4.071558,1.3202167,4.6699734222811924e-05,0.04909523737355485
0,RPL10,4.033974,1.279426,5.484130232087458e-05,0.04909523737355485
0,SYNE2,4.008919,1.6436923,6.099742889649533e-05,0.04909523737355485
0,HSP90AA1,3.989431,1.1446815,6.623202914015872e-05,0.04909523737355485
0,RAC2,3.9782948,1.2525725,6.941123614300835e-05,0.04909523737355485
0,C1orf56,3.964375,1.5628656,7.35884672287762e-05,0.04909523737355485
0,RPS15,3.961591,1.4074897,7.445195940811796e-05,0.04909523737355485
0,FUS,3.9504552,1.1275135,7.800268767071348e-05,0.04909523737355485
0,RPSA,3.9253995,1.4290916,8.658591865260479e-05,0.051679060212273795
0,RPS27,3.7722812,1.3101715,0.0001617618841919443,0.08833376360224901
0,RPS15A,3.7667131,1.3521396,0.00016541088143130452,0.08833376360224901
0,RPS27A,3.7388735,1.0505345,0.00018484676901091548,0.09149013374484165
1,LIMS1,8.30328,5.3734164,1.0127597742767875e-16,2.0551934099398847e-12
1,CTSA,8.142636,5.3155985,3.867638518979871e-16,3.924299423282926e-12
1,RGS10,8.008766,5.01269,1.1586507190923265e-15,7.83749968084686e-12
1,GSTO1,7.754413,5.204263,8.87528554206115e-15,4.502654237626173e-11
1,MTURN,7.6573577,7.828786,1.897976051850381e-14,7.703125604039956e-11
1,TUBA4A,7.632257,5.4281163,2.3067899379977384e-14,7.801948035298019e-11
1,H3F3A,7.5904226,3.3092625,3.18863668091468e-14,7.971532495013509e-11
1,GPX4,7.577036,3.5268595,3.5353960703258064e-14,7.971532495013509e-11
1,HIST1H2AC,7.543568,7.5447354,4.5728352547616276e-14,9.279654582487771e-11
1,TAGLN2,7.5050807,4.304133,6.139081393654779e-14,1.0306081556629676e-10
1,TUBB1,7.4950404,10.096479,6.627796422153015e-14,1.0306081556629676e-10
1,CAVIN2,7.476633,10.36779,7.625082272102951e-14,1.0306081556629676e-10
1,GNG11,7.4732866,9.571919,7.821629323208911e-14,1.0306081556629676e-10
1,ACRBP,7.4682665,9.47479,8.125821953682295e-14,1.0306081556629676e-10
1,PPBP,7.448186,10.32354,9.463241437930053e-14,1.0768461452266531e-10
1,TSC22D1,7.439819,8.562904,1.0082332212736614e-13,1.0768461452266531e-10
1,MAP3K7CL,7.439819,8.6046,1.0082332212736614e-13,1.0768461452266531e-10
1,PF4,7.426432,10.263762,1.1156617234690694e-13,1.0781011121122774e-10
1,YWHAH,7.426432,5.134812,1.1156617234690694e-13,1.0781011121122774e-10
1,TPM4,7.35113,4.9379187,1.9653780820142543e-13,1.812882609923421e-10
1,NRGN,7.3159895,8.416498,2.5549185568725805e-13,2.1873798425275746e-10
1,RGS18,7.314316,7.6519885,2.5869568925571274e-13,2.1873798425275746e-10
1,LMNA,7.292562,6.4918694,3.0411518326873617e-13,2.468563765628985e-10
1,GP9,7.2624416,34.19707,3.801651419448178e-13,2.8572930464763663e-10
1,OST4,7.2507277,2.8857262,4.145379822455362e-13,3.004364026324524e-10
2,PBXIP1,5.511931,2.7389052,3.5491844210200875e-08,0.0007202359945576064
2,AAK1,5.3521647,2.345516,8.690823855914886e-08,0.0007445398572337526
2,CD3D,5.3092647,2.0709295,1.1006847542015757e-07,0.0007445398572337526
2,PPP1R10,5.034112,2.2293832,4.800694540590524e-07,0.0017947935466886738
2,TRAC,5.0148807,2.0303612,5.306638387686415e-07,0.0017947935466886738
2,LDHB,4.9527493,1.5755911,7.317217275607633e-07,0.002002552289455112
2,LTB,4.9379563,1.9551083,7.894553942561916e-07,0.002002552289455112
2,JUNB,4.5977135,1.5371013,4.271525631302263e-06,0.009631341070668535
2,CD27,4.4971204,1.8171946,6.888006815309268e-06,0.013977832230307095
2,RPL37,4.4571786,1.3750806,8.304540354176912e-06,0.014636578100754628
2,EVL,4.4483027,1.5865878,8.655148928648081e-06,0.014636578100754628
2,RPS20,4.3639817,1.1966474,1.2771625199541741e-05,0.01993650693648466
2,RPS29,4.3403125,1.3076155,1.4228011883584416e-05,0.02062350322525561
2,PIK3IP1,4.2840986,1.7823964,1.8348147917661353e-05,0.023271185355818864
2,RPS27,4.2840986,1.1346499,1.8348147917661353e-05,0.023271185355818864
2,BCL11B,4.2456365,1.7806588,2.1797380370699434e-05,0.02601966116838845
2,IL7R,4.221967,1.7336262,2.421791394566648e-05,0.026582724839748748
2,ETS1,4.214571,1.5212152,2.5025361376716002e-05,0.026582724839748748
2,FAM102A,4.2042155,2.4331331,2.619891079657887e-05,0.026582724839748748
2,RPL38,4.186464,1.2054464,2.8333406835194495e-05,0.027379515471742943
2,RPL27A,4.164274,1.1942943,3.1234472116423165e-05,0.028810961029935238
2,SPOCK2,4.1243324,1.6462705,3.718113600422082e-05,0.03197505233284534
2,IL32,4.116936,1.7603227,3.839426696466593e-05,0.03197505233284534
2,RPL13A,4.1110187,1.1560688,3.9391726621058166e-05,0.03197505233284534
2,CCR7,4.088829,2.3445225,4.335563451159072e-05,0.033427022217005435
3,CD74,6.2316895,4.916014,4.6143211083597656e-10,4.968833467580549e-06
3,IGHM,6.160821,8.157287,7.236879900464963e-10,4.968833467580549e-06
3,MS4A1,6.1584587,8.340877,7.34563662481725e-10,4.968833467580549e-06
3,CD79A,6.0474315,6.8777776,1.4717314479880334e-09,7.466461568505291e-06
3,HLA-DPA1,5.938767,4.397085,2.87174040723758e-09,1.1655245616814442e-05
3,CD37,5.841913,3.3220053,5.1604636951973705e-09,1.7453548294440043e-05
3,HLA-DRB1,5.650569,4.7244744,1.599177176655645e-08,4.636014635124715e-05
3,HLA-DPB1,5.4190655,4.0921655,5.991132249622647e-08,0.00015197255842699047
3,LINC00926,5.3505597,8.270133,8.76826827289249e-08,0.0001977049645131192
3,HLA-DRA,5.2631555,4.342674,1.4160387736682938e-07,0.00028735674834050686
3,BANK1,5.218272,6.026249,1.8060010922088905e-07,0.0003331743651290456
3,HLA-DQA1,5.1639395,5.7617927,2.418057343023289e-07,0.0004089136471830967
3,IGKC,4.9938555,6.0928054,5.918565676688417e-07,0.000923888102131062
3,IGHD,4.9088135,7.7136993,9.162901950669363e-07,0.0013281626377495241
3,SWAP70,4.7812505,5.5629354,1.7420804768541147e-06,0.00212896821294326
3,BCL11A,4.776526,5.585433,1.7834947824390393e-06,0.00212896821294326
3,PLPP5,4.7103825,5.0720453,2.4725262396971408e-06,0.002787498610120782
3,STX7,4.641876,3.7063253,3.4525974033010027e-06,0.003687555742378276
3,HLA-DMB,4.6253405,4.72053,3.7398397935534657e-06,0.003794628446529024
3,RALGPS2,4.502502,7.308386,6.7158190737100205e-06,0.006194732566490792
3,TNFRSF13C,4.459981,6.464466,8.19670026714999e-06,0.007231984283533683
3,P2RX5,4.377301,5.3271065,1.201579537249919e-05,0.010159855645588587
3,FCMR,4.3678517,2.9627023,1.2547450355844809e-05,0.010185016402846348
3,CD79B,4.249738,4.807396,2.1402065895237742e-05,0.016428331410708312
3,HLA-DRB5,4.2450137,4.638447,2.1858027304446085e-05,0.016428331410708312
4,TYROBP,7.866286,6.7184076,3.653260559187596e-15,7.413561652759388e-11
4,MNDA,7.693592,7.338332,1.4306065727902518e-14,1.2315485214071637e-10
4,CST3,7.6450825,5.145818,2.08811114443117e-14,1.2315485214071637e-10
4,S100A8,7.625679,6.6093388,2.427533674483149e-14,1.2315485214071637e-10
4,TYMP,7.5829906,4.783019,3.376792264974203e-14,1.37050490866243e-10
4,LYZ,7.532541,6.5273943,4.976234956296488e-14,1.683045599468744e-10
4,PSAP,7.507316,5.161183,6.035194223813422e-14,1.749602805483511e-10
4,AIF1,7.4277606,5.291896,1.1045168562871807e-13,2.8017450705794697e-10
4,FCN1,7.3385034,7.8648252,2.1599571434010562e-13,4.870223367893071e-10
4,FTL,7.2880535,2.83437,3.1446525534730514e-13,6.381443426762862e-10
4,FOS,7.121181,3.2531822,1.0700609875587625e-12,1.9740679655027243e-09
4,DUSP1,7.0358047,3.5329628,1.981145322293086e-12,3.3502818354411327e-09
4,S100A9,6.9775934,5.886075,3.002795625188728e-12,4.687363970919605e-09
4,S100A6,6.9368453,3.2258172,4.009524044937354e-12,5.811805103136695e-09
4,FCER1G,6.9057994,4.8340974,4.9921534629787815e-12,6.7537180149485614e-09
4,GRN,6.812661,5.492097,9.580957438614267e-12,1.2151648081362457e-08
4,VIM,6.60116,2.2996848,4.0795236009096234e-11,4.8697513196034695e-08
4,CTSS,6.5662336,4.7928915,5.160389357691651e-11,5.817765624202037e-08
4,HLA-DRA,6.480857,4.3554006,9.120314866099432e-11,9.740976293566092e-08
4,AC020656.1,6.4051824,8.630196,1.5018990204302312e-10,1.523901841079534e-07
4,FGL2,6.2518926,6.172225,4.0550852913652e-10,3.918564086555905e-07
4,S100A11,6.18592,3.1091,6.174143649160645e-10,5.695086230564407e-07
4,CD74,6.170397,3.3963149,6.811887636655112e-10,6.010158078723572e-07
4,CSTA,6.100543,8.881319,1.0570865180043671e-09,8.93810696244276e-07
4,VCAN,6.0423317,5.4900813,1.5190263400910148e-09,1.2330240607786786e-06
